subjectID,device_time_stamp,system_time_stamp,description,L_valid,L_x,L_y,R_valid,R_x,R_y
101,1500320474109468,1500321005412353,All_of_Practice_1,1,0.7386004,0.4421159,1,0.7751615,0.4793772
101,1500320474126093,1500321005428980,All_of_Practice_1,0,NaN,NaN,1,0.6927717,0.510556
101,1500320474142715,1500321005445604,All_of_Practice_1,1,0.7238944,0.3076083,1,0.7321291,0.4049775
101,1500320474159343,1500321005462234,All_of_Practice_1,0,NaN,NaN,1,0.7777365,0.3436739
101,1500320474176092,1500321005478986,All_of_Practice_1,0,NaN,NaN,1,0.7753828,0.3001757
101,1500320474192718,1500321005495614,All_of_Practice_1,0,NaN,NaN,1,0.7926987,0.2586379
101,1500320474209342,1500321005512241,All_of_Practice_1,1,0.7148886,0.2725617,1,0.75692,0.3541922
101,1500320474225967,1500321005528868,All_of_Practice_1,1,0.7104923,0.2983107,1,0.7430119,0.3455608
101,1500320474242589,1500321005545492,All_of_Practice_1,1,0.7084715,0.3088637,1,0.7458566,0.3936949
101,1500320474259339,1500321005562244,All_of_Practice_1,1,0.6917363,0.3854375,1,0.7503254,0.3247868
101,1500320474275964,1500321005578871,All_of_Practice_1,1,0.6989142,0.3713346,1,0.7589455,0.3863221
101,1500320474292589,1500321005595498,All_of_Practice_1,1,0.6997122,0.3729404,1,0.7435636,0.4040209
101,1500320474309223,1500321005612135,All_of_Practice_1,1,0.7104666,0.3462655,1,0.7476048,0.3982625
101,1500320474325969,1500321005628883,All_of_Practice_1,1,0.691169,0.3580697,1,0.7373602,0.4066609
101,1500320474342588,1500321005645505,All_of_Practice_1,1,0.7016959,0.3291247,1,0.7404907,0.4192746
101,1500320474359225,1500321005662144,All_of_Practice_1,1,0.6953699,0.3447389,1,0.7328442,0.4197053
101,1500320474375838,1500321005678759,All_of_Practice_1,1,0.7107234,0.3479961,1,0.7424004,0.4025685
101,1500320474392463,1500321005695386,All_of_Practice_1,1,0.6951889,0.3826528,1,0.7399303,0.4076408
101,1500320474409218,1500321005712144,All_of_Practice_1,1,0.7097611,0.3643871,1,0.7359563,0.4157693
